{"energies": [8.661270011109355], "losses": [0.053338562146434065], "fidelities": [0.9457684295681813]}